{
  "wifi": "download (3).jpeg",
  "ble": "download (17).png",
  "ethernet": "download (3).png",
  "rf": "images.png",
  "ir": "download (16).png",
  "fm": "download (6).png",
  "rfid": "download (5).png",
  "files": "download (7).png",
  "gps": "download (8).png",
  "nrf": "download (9).png",
  "interpreter": "download (15).png",
  "lora": "download (14).png",
  "others": "download (10).png",
  "clock": "download (11).png",
  "connect": "download (12).png",
  "config": "download (13).png",
  "border": 1,
  "label": 0,
  "name": "HackerPlusOfficialVersionDEFINITIVE",
  "author": "ByCOOLKIDS",
  "priColor": "1a00",
  "secColor": "0040",
  "bgColor": "08a0",
  "ledBright": "100",
  "ledColor": "00ff2a",
  "ledEffect": "2",
  "ledEffectSpeed": 11,
  "ledEffectDirection": 1,
  "gifDuration": -1
}